{
  "0": {
    "width": 466.796875,
    "height": 730.95703125,
    "advanceWidth": 556.15234375,
    "leftSideBearing": 41.50390625,
    "rightSideBearing": 47.8515625,
    "yMin": -12.20703125,
    "yMax": 718.75
  },
  "1": {
    "width": 263.671875,
    "height": 718.75,
    "advanceWidth": 556.15234375,
    "leftSideBearing": 108.88671875,
    "rightSideBearing": 183.59375,
    "yMin": 0,
    "yMax": 718.75
  },
  "2": {
    "width": 473.2203483581543,
    "height": 718.75,
    "advanceWidth": 556.15234375,
    "leftSideBearing": 30.197620391845703,
    "rightSideBearing": 52.734375,
    "yMin": 0,
    "yMax": 718.75
  },
  "3": {
    "width": 468.75,
    "height": 731.4453125,
    "advanceWidth": 556.15234375,
    "leftSideBearing": 41.9921875,
    "rightSideBearing": 45.41015625,
    "yMin": -12.6953125,
    "yMax": 718.75
  },
  "4": {
    "width": 495.1171875,
    "height": 715.8203125,
    "advanceWidth": 556.15234375,
    "leftSideBearing": 12.6953125,
    "rightSideBearing": 48.33984375,
    "yMin": 0,
    "yMax": 715.8203125
  },
  "5": {
    "width": 474.609375,
    "height": 718.26171875,
    "advanceWidth": 556.15234375,
    "leftSideBearing": 41.50390625,
    "rightSideBearing": 40.0390625,
    "yMin": -12.20703125,
    "yMax": 706.0546875
  },
  "6": {
    "width": 472.65625,
    "height": 730.95703125,
    "advanceWidth": 556.15234375,
    "leftSideBearing": 37.59765625,
    "rightSideBearing": 45.8984375,
    "yMin": -12.20703125,
    "yMax": 718.75
  },
  "7": {
    "width": 463.37890625,
    "height": 706.54296875,
    "advanceWidth": 556.15234375,
    "leftSideBearing": 47.36328125,
    "rightSideBearing": 45.41015625,
    "yMin": 0,
    "yMax": 706.54296875
  },
  "8": {
    "width": 471.6796875,
    "height": 730.95703125,
    "advanceWidth": 556.15234375,
    "leftSideBearing": 40.52734375,
    "rightSideBearing": 43.9453125,
    "yMin": -12.20703125,
    "yMax": 718.75
  },
  "9": {
    "width": 470.703125,
    "height": 730.95703125,
    "advanceWidth": 556.15234375,
    "leftSideBearing": 41.50390625,
    "rightSideBearing": 43.9453125,
    "yMin": -12.20703125,
    "yMax": 718.75
  },
  "A": {
    "width": 669.921875,
    "height": 715.8203125,
    "advanceWidth": 666.9921875,
    "leftSideBearing": -1.46484375,
    "rightSideBearing": -1.46484375,
    "yMin": 0,
    "yMax": 715.8203125
  },
  "B": {
    "width": 540.52734375,
    "height": 715.8203125,
    "advanceWidth": 666.9921875,
    "leftSideBearing": 73.2421875,
    "rightSideBearing": 53.22265625,
    "yMin": 0,
    "yMax": 715.8203125
  },
  "C": {
    "width": 632.8125,
    "height": 740.234375,
    "advanceWidth": 722.16796875,
    "leftSideBearing": 49.8046875,
    "rightSideBearing": 39.55078125,
    "yMin": -12.20703125,
    "yMax": 728.02734375
  },
  "D": {
    "width": 591.796875,
    "height": 715.8203125,
    "advanceWidth": 722.16796875,
    "leftSideBearing": 77.1484375,
    "rightSideBearing": 53.22265625,
    "yMin": 0,
    "yMax": 715.8203125
  },
  "E": {
    "width": 534.1796875,
    "height": 715.8203125,
    "advanceWidth": 666.9921875,
    "leftSideBearing": 79.1015625,
    "rightSideBearing": 53.7109375,
    "yMin": 0,
    "yMax": 715.8203125
  },
  "F": {
    "width": 482.91015625,
    "height": 715.8203125,
    "advanceWidth": 610.83984375,
    "leftSideBearing": 82.03125,
    "rightSideBearing": 45.8984375,
    "yMin": 0,
    "yMax": 715.8203125
  },
  "G": {
    "width": 662.109375,
    "height": 740.234375,
    "advanceWidth": 777.83203125,
    "leftSideBearing": 53.22265625,
    "rightSideBearing": 62.5,
    "yMin": -12.20703125,
    "yMax": 728.02734375
  },
  "H": {
    "width": 561.5234375,
    "height": 715.8203125,
    "advanceWidth": 722.16796875,
    "leftSideBearing": 80.078125,
    "rightSideBearing": 80.56640625,
    "yMin": 0,
    "yMax": 715.8203125
  },
  "I": {
    "width": 94.7265625,
    "height": 715.8203125,
    "advanceWidth": 277.83203125,
    "leftSideBearing": 93.26171875,
    "rightSideBearing": 89.84375,
    "yMin": 0,
    "yMax": 715.8203125
  },
  "J": {
    "width": 393.5546875,
    "height": 728.02734375,
    "advanceWidth": 500,
    "leftSideBearing": 28.80859375,
    "rightSideBearing": 77.63671875,
    "yMin": -12.20703125,
    "yMax": 715.8203125
  },
  "K": {
    "width": 591.796875,
    "height": 715.8203125,
    "advanceWidth": 666.9921875,
    "leftSideBearing": 73.2421875,
    "rightSideBearing": 1.953125,
    "yMin": 0,
    "yMax": 715.8203125
  },
  "L": {
    "width": 447.265625,
    "height": 715.8203125,
    "advanceWidth": 556.15234375,
    "leftSideBearing": 73.2421875,
    "rightSideBearing": 35.64453125,
    "yMin": 0,
    "yMax": 715.8203125
  },
  "M": {
    "width": 683.10546875,
    "height": 715.8203125,
    "advanceWidth": 833.0078125,
    "leftSideBearing": 74.21875,
    "rightSideBearing": 75.68359375,
    "yMin": 0,
    "yMax": 715.8203125
  },
  "N": {
    "width": 563.96484375,
    "height": 715.8203125,
    "advanceWidth": 722.16796875,
    "leftSideBearing": 76.171875,
    "rightSideBearing": 82.03125,
    "yMin": 0,
    "yMax": 715.8203125
  },
  "O": {
    "width": 684.5703125,
    "height": 740.72265625,
    "advanceWidth": 777.83203125,
    "leftSideBearing": 48.33984375,
    "rightSideBearing": 44.921875,
    "yMin": -12.20703125,
    "yMax": 728.515625
  },
  "P": {
    "width": 546.38671875,
    "height": 715.8203125,
    "advanceWidth": 666.9921875,
    "leftSideBearing": 77.1484375,
    "rightSideBearing": 43.45703125,
    "yMin": 0,
    "yMax": 715.8203125
  },
  "Q": {
    "width": 698.2421875,
    "height": 784.1796875,
    "advanceWidth": 777.83203125,
    "leftSideBearing": 42.96875,
    "rightSideBearing": 36.62109375,
    "yMin": -55.6640625,
    "yMax": 728.515625
  },
  "R": {
    "width": 630.859375,
    "height": 715.8203125,
    "advanceWidth": 722.16796875,
    "leftSideBearing": 78.61328125,
    "rightSideBearing": 12.6953125,
    "yMin": 0,
    "yMax": 715.8203125
  },
  "S": {
    "width": 569.82421875,
    "height": 740.234375,
    "advanceWidth": 666.9921875,
    "leftSideBearing": 44.921875,
    "rightSideBearing": 52.24609375,
    "yMin": -12.20703125,
    "yMax": 728.02734375
  },
  "T": {
    "width": 567.3828125,
    "height": 715.8203125,
    "advanceWidth": 610.83984375,
    "leftSideBearing": 23.4375,
    "rightSideBearing": 20.01953125,
    "yMin": 0,
    "yMax": 715.8203125
  },
  "U": {
    "width": 562.98828125,
    "height": 728.02734375,
    "advanceWidth": 722.16796875,
    "leftSideBearing": 78.61328125,
    "rightSideBearing": 80.56640625,
    "yMin": -12.20703125,
    "yMax": 715.8203125
  },
  "V": {
    "width": 654.78515625,
    "height": 715.8203125,
    "advanceWidth": 666.9921875,
    "leftSideBearing": 4.39453125,
    "rightSideBearing": 7.8125,
    "yMin": 0,
    "yMax": 715.8203125
  },
  "W": {
    "width": 920.41015625,
    "height": 715.8203125,
    "advanceWidth": 943.84765625,
    "leftSideBearing": 12.20703125,
    "rightSideBearing": 11.23046875,
    "yMin": 0,
    "yMax": 715.8203125
  },
  "X": {
    "width": 656.25,
    "height": 715.8203125,
    "advanceWidth": 666.9921875,
    "leftSideBearing": 4.39453125,
    "rightSideBearing": 6.34765625,
    "yMin": 0,
    "yMax": 715.8203125
  },
  "Y": {
    "width": 656.25,
    "height": 715.8203125,
    "advanceWidth": 666.9921875,
    "leftSideBearing": 2.9296875,
    "rightSideBearing": 7.8125,
    "yMin": 0,
    "yMax": 715.8203125
  },
  "Z": {
    "width": 565.91796875,
    "height": 715.8203125,
    "advanceWidth": 610.83984375,
    "leftSideBearing": 20.01953125,
    "rightSideBearing": 24.90234375,
    "yMin": 0,
    "yMax": 715.8203125
  },
  "a": {
    "width": 477.5390625,
    "height": 541.9921875,
    "advanceWidth": 556.15234375,
    "leftSideBearing": 36.1328125,
    "rightSideBearing": 42.48046875,
    "yMin": -11.71875,
    "yMax": 530.2734375
  },
  "b": {
    "width": 449.70703125,
    "height": 727.5390625,
    "advanceWidth": 556.15234375,